Source,Harga lama,Harga baru,Judul,No. ISBN,Penerbit,Tanggal terbit,Jumlah Halaman,Berat,Jenis Cover,Dimensi(L x P),Kategori,Bonus,Text Bahasa
https://www.bukukita.com/Majalah/Testing/148732-Majalah-Animal-Minds.html,,Rp 2.100,Majalah Animal Minds,-,Mega Andalan Press ,Januari - 2017,240,400 gr,Soft Cover,14x23mm,Testing,-,Indonesia ··
https://www.bukukita.com/Produk-lainnya/Membership/167329-Keanggotaan-Investasi-Reseller-Bukukita.html,Rp 250.000,Rp 99.000,,,,Februari - 2021,-,1 gr,-,-,Membership,-,Indonesia ··
https://www.bukukita.com/Buku-Novel/Remaja/169451-Pre-Order-Seluas-Langit-Biru-by-Sitta-Karina.html,Rp 160.000,Rp 136.000,Seluas Langit Biru by Sitta Karina (masih ada ttd ) ,97862354950261,Literati-books ,Oktober - 2022,532,400 gr,Soft Cover,19x13mm,Remaja,Tanda Tangan Asli Sitta Karina,Indonesia ··
https://www.bukukita.com/Inspirasi-dan-Spiritual/Entrepreneurship/103209-MBS-:-Money-&-Business-Skills.html,Rp 85.700,Rp 72.845,MBS : Money & Business Skills,97860219729,W & G Wealth & Grow ,Mei - 2012,152,500 gr,soft cover,-,Entrepreneurship,-,Indonesia ··
https://www.bukukita.com/Agama/Islam/135011-Renungan-Sufistik:-Renungan-Penentram-Hati.html,Rp 39.000,Rp 33.150,Renungan Sufistik: Renungan Penentram Hati,9786029785319,Oncor Semesta Publisher ,2012,-,100 gr,Soft Cover,-,Islam,-,Indonesia ··
https://www.bukukita.com/Buku-Novel/Drama/155261-Laut-Bercerita.html,Rp 115.000,Rp 103.500,Laut Bercerita,9786024246945,Kpg ,Desember - 2017,400,350 gr,Soft Cover,-,Drama,-,Indonesia ·
https://www.bukukita.com/Masakan-dan-Makanan/Resep-Masakan/106605-Aneka-Olahan-Bebek.html,Rp 42.500,Rp 36.125,"Aneka Olahan Bebek (Enak, Renyah & Gurih) BK",9786021804728,IKHLAS MEDIA ,September - 2012,-,30 gr,Soft Cover,-,Resep Masakan,-,Indonesia ··
https://www.bukukita.com/Agama/Islam/162629-Aisyah-Ibu-dan-Guru-Ummat-Muslim-Hard-Cover.html,Rp 100.000,Rp 85.000,Aisyah Ibu dan Guru Ummat Muslim - Hard Cover,9786021683378,Tatban ,Oktober - 2017,-,500 gr,Hard Cover,-,Islam,-,Indonesia ··
https://www.bukukita.com/Psikologi-dan-Pengembangan-Diri/Psikologi/157052-Cara-Ampuh-Menjadi-Pribadi-yang-Diterima-&-Disukai.html,Rp 58.500,Rp 49.725,Cara Ampuh Menjadi Pribadi yang Diterima & Disukai,9786025469176,Anak Hebat Indonesia ,Mei - 2018,-,250 gr,Soft Cover,-,Psikologi,-,Indonesia ·
https://www.bukukita.com/katalogbukuatribut.php?atrId=2&page=1,,,,,,,,,,,,,
https://www.bukukita.com/Agama/Islam/166246-KHILAFAH:-Peran-Manusia-di-Bumi.html,Rp 80.000,Rp 68.000,KHILAFAH: Peran Manusia di Bumi (Reguler),9786237713296,Lentera Hati ,Juli - 2020,188,350 gr,Soft Cover,130x190mm,Islam,-,Indonesia ··
https://www.bukukita.com/Masakan-dan-Makanan/Makanan/166558-Masakan-Timur-Tengah-Populer-Favorit-Ala-Chef-Salimoz.html,Rp 120.000,Rp 108.000,Masakan Timur Tengah Populer Favorit Ala Chef Salimoz,9786020645384,Gramedia Pustaka Utama ,Agustus - 2020,124,200 gr,soft cover,-,Makanan,-,Indonesia ·
https://www.bukukita.com/Hobi-dan-Usaha/Musik/110442-Kumpulan-lagu-Super-Hits.html,Rp 25.000,Rp 21.250,Kumpulan lagu Super Hits,9790801878038,Laskar Aksara ,Februari - 2013,-,200 gr,Soft Cover,-,Musik,-,Indonesia ··
https://www.bukukita.com/Buku-Novel/Remaja/146942-Selestia-dan-Penjara-Teka-teki.html,Rp 59.000,Rp 50.150,Selestia dan Penjara Teka-teki [Ber-TTD asli Penulis + Free buku Bajak Laut Popcorn],9786027652828,Buah Hati ,November - 2016,254,300 gr,Soft Cover,140x210mm,Remaja,-,Indonesia ··
https://www.bukukita.com/Psikologi-dan-Pengembangan-Diri/Pengembangan-Diri/168304-Your-Job-is-Not-Your-Career-:-Your-Ultimate-Career-Guide-2022.html,Rp 91.000,Rp 77.350,Your Job is Not Your Career : Your Ultimate Career Guide 2022,9786028740890,Lentera Hati ,November - 2021,204,200 gr,soft cover,-,Pengembangan Diri,-,Indonesia ··
https://www.bukukita.com/Biografi-dan-Memoar/Biografi/95548-Marco-van-Basten-:-Era-ac-Milan-dan-Oranye.html,Rp 53.000,Rp 45.050,Marco van Basten : Era ac Milan dan Oranye,9789791541701,Pena Wormer ,Agustus - 2011,256,500 gr,Soft Cover,140x210mm,Biografi,-,Indonesia ··
https://www.bukukita.com/Sains-dan-Teknologi/Sains-Umum/168307-The-Magic-of-Reality.html,Rp 80.000,Rp 72.000,The Magic of Reality (edisi teks),9786024816056,Gramedia Pustaka Utama ,Juli - 2021,208,160 gr,soft cover,-,Sains Umum,-,Indonesia ·
https://www.bukukita.com/Aksesoris-Kado-&-Parcel/Kertas-Kado/157448-Bungkus-Kertas-Kado-Motif-Batik-Coklat-Tua.html,,Rp 3.000,Bungkus Kertas Kado Motif Batik Coklat Tua,-,Bukukita.com ,2018,1,25 gr,-,-,Kertas Kado,-,Indonesia ··
https://www.bukukita.com/Buku-Novel/Romance/148035-Imaji-Terindah.html,Rp 69.000,Rp 58.650,Imaji Terindah,9786028740609,Lentera Hati ,Desember - 2016,290,400 gr,soft cover,-,Romance,-,Indonesia ··
https://www.bukukita.com/Orang-Tua-dan-Keluarga/Orang-Tua-dan-Anak/163306-Smart-Parenting:-2000-Kilat-Cerdas-Mendidik-Anak.html,Rp 79.000,Rp 67.150,Smart Parenting: 2000 Kilat Cerdas Mendidik Anak,9786237162407,Alvabet ,Agustus - 2019,-,300 gr,Soft Cover,-,Orang Tua dan Anak,-,Indonesia ··
https://www.bukukita.com/Agama/Islam/169802-Salwatul-Ahzan.html,Rp 69.000,Rp 58.650,Salwatul Ahzan,9786237163770,Alifia Books ,Juni - 2023,-,215 gr,Soft Cover,13x20mm,Islam,-,Indonesia ··
https://www.bukukita.com/Bahasa-dan-Kamus/Belajar-Bahasa/159673-SWIUN-HANGUGEO:-Bahasa-Korea-Itu-Mudah!.html,Rp 69.500,Rp 59.075,SWIUN HANGUGEO: Bahasa Korea Itu Mudah!,9786025907593,Pusat Kajian Bahasa ,Oktober - 2018,-,250 gr,Soft Cover,-,Belajar Bahasa,-,
https://www.bukukita.com/Agama/Islam/121394-AL-MATSURAT-WAZIFAH-KUBRA.html,Rp 3.500,Rp 2.975,AL-MATSURAT WAZIFAH KUBRA (Jenis 1) pelangi,-,Indiva Media Kreasi ,Januari - 2014,-,50 gr,Soft Cover,-,Islam,-,Indonesia ··
https://www.bukukita.com/Agama/Islam/168292-Hikayat-Para-Dermawan-:-Hikmah-dan-Teladan-dari-Orang-Orang-Saleh-yang-Gemar-Memberi.html,Rp 75.000,Rp 63.750,Hikayat Para Dermawan : Hikmah dan Teladan dari Orang-Orang Saleh yang Gemar Memberi,9786237163725,Alifia Books ,November - 2021,-,350 gr,Soft Cover,-,Islam,-,Indonesia ··
https://www.bukukita.com/Psikologi-dan-Pengembangan-Diri/Pengembangan-Diri/169849-Your-Job-is-Not-Your-Career-:-Your-Ultimate-Career.html,Rp 99.000,Rp 84.150,Your Job is Not Your Career : Your Ultimate Career ( Edisi Revisi dan diperbarui ) ,97862354951012,Literati-books ,Juli - 2023,204,180 gr,Soft Cover,13x19mm,Pengembangan Diri,-,Indonesia ··
https://www.bukukita.com/Agama/Islam/157623-Seri-Makhluk-Ghaib-:-Malaikat-dalam-Al-Quran.html,Rp 33.000,Rp 28.050,Seri Makhluk Ghaib : Malaikat dalam Al-Quran,9786027720671,Lentera Hati ,Juli - 2018,-,150 gr,Soft Cover,-,Islam,-,Indonesia ··
https://www.bukukita.com/Psikologi-dan-Pengembangan-Diri/Pengembangan-Diri/130803-How-Successful-People-Lead.html,Rp 95.000,Rp 80.750,How Successful People Lead ,9786028482837,MIC ,November - 2014,-,300 gr,Hard Cover,-,Pengembangan Diri,-,Indonesia ··
https://www.bukukita.com/Buku-Novel/Remaja/81970-Gara-gara-Facebook.html,Rp 30.000,Rp 25.500,Gara-gara Facebook,9786028597104,Leutika ,Juli - 2010,188,200 gr,Soft Cover,-,Remaja,-,Indonesia ··
https://www.bukukita.com/Buku-Novel/Sosial-Budaya/166996-MENGELOLA-HARTA-KARUN-KARIMUNJAWA.html,Rp 70.000,Rp 59.500,MENGELOLA HARTA KARUN KARIMUNJAWA,9786022730408,Wedatama Widya Sastra ,Mei - 2020,252,250 gr,Soft Cover,-,Sosial-Budaya,-,Indonesia ··
"https://www.bukukita.com/Anak-Anak/Cerita-Anak/169726-Kareem,-Khaleel,-dan-Hati-yang-Bersyukur.html",Rp 150.000,Rp 127.500,"Kareem, Khaleel, dan Hati yang Bersyukur",9786236944158,Buah Hati ,Maret - 2023,34,160 gr,hard cover,26x26mm,Cerita Anak,-,Indonesia ··
https://www.bukukita.com/Anak-Anak/Cerita-Anak/150844-Seri-Buku-Toleransi:-Kitu-Kucing-Kecil-Bersuara-Ganjil.html,Rp 55.000,Rp 46.750,Seri Buku Toleransi: Kitu Kucing Kecil Bersuara Ganjil,9786027652934,Buah Hati ,Juli - 2017,32,100 gr,Soft Cover,21x28mm,Cerita Anak,-,Indonesia ··
https://www.bukukita.com/Non-Fiksi-Lainnya/Non-Fiksi-Umum/115265-100-Kejadian-Menghebohkan-Tanda-Kekuasaan-Allah.html,Rp 52.000,Rp 44.200,100 Kejadian Menghebohkan Tanda Kekuasaan Allah ,9786027765269,Titik Media ,Juni - 2013,-,250 gr,Soft Cover,-,Non-Fiksi Umum,-,Indonesia ··
https://www.bukukita.com/Agama/Islam/89402-Dahsyatnya-Ibadah-Siang.html,Rp 45.000,Rp 22.500,Dahsyatnya Ibadah Siang (Disc 50%),979,QultumMedia ,Februari - 2011,194,220 gr,Soft Cover,-,Islam,-,Indonesia ··
https://www.bukukita.com/Psikologi-dan-Pengembangan-Diri/Motivasi/69974-Kamu-Bukan-Bintang-:-10-Hal-yang-Menjadikanmu-Pecundang.html,Rp 28.000,Rp 22.400,Kamu Bukan Bintang : 10 Hal yang Menjadikanmu Pecundang ,979,Indiva Media Kreasi ,2008,-,200 gr,Soft Cover,-,Motivasi,-,Indonesia ··
https://www.bukukita.com/Busana-dan-Kecantikan/Aksesoris/113738-Ragam-Aksesoris-Berbusana-Paling-Cantik.html,Rp 35.000,Rp 29.750,Ragam Aksesoris Berbusana Paling Cantik,9786027560918,Dunia Kreasi ,Mei - 2013,-,150 gr,Soft Cover,-,Aksesoris,-,Indonesia ··
https://www.bukukita.com/Psikologi-dan-Pengembangan-Diri/Pengembangan-Diri/167298-Semua-Murid-Semua-Guru.html,Rp 89.000,Rp 75.650,Semua Murid Semua Guru (Seri 4) Edukasi di masa pandemi,9786028740807,Literati-books ,Januari - 2021,304,350 gr,Soft Cover,-,Pengembangan Diri,-,Indonesia ··
https://www.bukukita.com/Psikologi-dan-Pengembangan-Diri/Psikologi/168230-RESIGN-SEKARANG-JUGA-!.html,Rp 30.500,Rp 25.925,RESIGN SEKARANG JUGA !,9786232445079,Psikologi Corner ,Oktober - 2021,-,150 gr,Soft Cover,-,Psikologi,-,Indonesia ··
https://www.bukukita.com/Buku-Novel/Fiksi/162590-Ababil-dan-Tiga-Kitab-Iblis-Sebuah-Novel.html,Rp 88.000,Rp 74.800,Ababil dan Tiga Kitab Iblis - Sebuah Novel,9786028740487,Literati-books ,Oktober - 2015,-,450 gr,Soft Cover,-,Fiksi,-,Indonesia ··
https://www.bukukita.com/Psikologi-dan-Pengembangan-Diri/Pengembangan-Diri/159636-Mendeteksi-Kebohongan-dengan-Gesture-dan-Mikroekspresi.html,Rp 44.800,Rp 38.080,Mendeteksi Kebohongan dengan Gesture dan Mikroekspresi,9786025638688,Anak Hebat Indonesia ,Oktober - 2018,-,200 gr,Soft Cover,-,Pengembangan Diri,-,Indonesia ··
https://www.bukukita.com/Referensi/Ensiklopedia/125717-Ensiklopedia-Tata-Bahasa-Indonesia.html,Rp 54.500,Rp 46.325,Ensiklopedia Tata Bahasa Indonesia,-,Kunci Aksara ,Juni - 2014,-,200 gr,Soft Cover,-,Ensiklopedia,-,Indonesia ··
https://www.bukukita.com/Agama/Islam/114289-Tijaratan-Lan-Tabur.-Perniagaan-Tiada-Rugi.html,Rp 33.000,Rp 28.050,Tijaratan Lan Tabur. Perniagaan Tiada Rugi,9786028995122,Pustaka Pesantren ,2012,-,100 gr,Soft Cover,-,Islam,-,Indonesia ··
https://www.bukukita.com/Agama/Islam/83043-Spiritual-Soft-Drink.html,Rp 39.000,Rp 33.150,Spiritual Soft Drink,9798452437,Lkis ,2008,-,100 gr,Soft Cover,-,Islam,-,Indonesia ··
https://www.bukukita.com/Buku-Novel/Remaja/169451-Seluas-Langit-Biru-by-Sitta-Karina.html,Rp 160.000,Rp 136.000,Seluas Langit Biru by Sitta Karina (masih ada ttd ) ,97862354950261,Literati-books ,Oktober - 2022,532,400 gr,Soft Cover,19x13mm,Remaja,Tanda Tangan Asli Sitta Karina,Indonesia ··
https://www.bukukita.com/Hukum-dan-Undang-undang/Undang-undang/114966-Susunan-Dalam-Satu-Naskah-Undang-Undang-Pajak-Pertambahan-Nilai.html,Rp 31.500,Rp 26.775,Susunan Dalam Satu Naskah Undang-Undang Pajak Pertambahan Nilai (PPn BM),9786027842182,Fokus Media ,2013,-,200 gr,Soft Cover,-,Undang-undang,-,Indonesia ··
"https://www.bukukita.com/Buku-Sekolah/Penunjang-Pelajaran/137486-Akuntabilitas-:-Edisi-3,-Juni-September-2015-Downward-Accountability.html",Rp 27.500,Rp 23.375,"Akuntabilitas : Edisi 3, Juni-September 2015 Downward Accountability",9772302400017,Diandra Primamitra ,September - 2015,-,250 gr,Soft Cover,-,Penunjang Pelajaran,-,Indonesia ··
https://www.bukukita.com/Agama/Al-Quran/98044-AL-BAYAN-AL-QURAN.html,Rp 110.000,Rp 93.500,AL BAYAN AL-QUR'AN (BIRU),-,Fokus Media ,November - 2011,-,1000 gr,Hard Cover,-,Al-Quran,-,Indonesia ··
https://www.bukukita.com/Inspirasi-dan-Spiritual/Kiat-Sukses/106992-Mudah-Mencari-Kerja-:-Pedoman-Praktis-Bagi-Para-Pencari-Kerja.html,Rp 26.000,Rp 22.100,Mudah Mencari Kerja : Pedoman Praktis Bagi Para Pencari Kerja,9786029682830,Oncor Semesta Publisher ,Juni - 2010,80,100 gr,Soft Cover,-,Kiat Sukses,-,Indonesia ··
https://www.bukukita.com/Agama/Islam/130689-Kisah-kisah-79-Teladan-Dahsyat-Sepanjang-Hayat.html,Rp 31.500,Rp 26.775,Kisah-kisah 79 Teladan Dahsyat Sepanjang Hayat,9789799812483,Nabila Publising ,Oktober - 2014,-,200 gr,Soft Cover,-,Islam,-,Indonesia ··
https://www.bukukita.com/Agama/Islam/82854-Maknai-Terus-Sholatmu.html,Rp 37.000,Rp 31.450,Maknai Terus Sholatmu,97989664060,Lkis ,2007,133,150 gr,-,-,Islam,-,Indonesia ··
https://www.bukukita.com/Psikologi-dan-Pengembangan-Diri/Psikologi/168472-Sebuah-seni-untuk-meyakinkan-orang.html,Rp 99.000,Rp 84.150,Sebuah seni untuk meyakinkan orang ( Cover Baru ) ,9786237162513,Gemilang ,Januari - 2022,472,450 gr,Soft Cover,-,Psikologi,-,Indonesia ··
https://www.bukukita.com/Psikologi-dan-Pengembangan-Diri/Motivasi/148094-Karyawan-Juga-Bisa-Kaya:-7-resep-makmur-yang-dibuktikan-pensiunan-&-karyawan.html,Rp 72.800,Rp 65.520,Karyawan Juga Bisa Kaya: 7 resep makmur yang dibuktikan pensiunan & karyawan (Hard Cover),9786020292588,Elex Media Komputindo ,Desember - 2016,116,350 gr,Hard Cover,-,Motivasi,-,Indonesia ··
https://www.bukukita.com/Anak-Anak/Islam/138882-Doa-Anak-Saleh-Al-Ikhlas-Jilid-1-BK.html,Rp 25.000,Rp 21.250,Doa Anak Saleh Al-Ikhlas Jilid 1 BK,9786021773024,IKHLAS MEDIA ,November - 2015,-,400 gr,Soft Cover,-,Islam,-,Indonesia ··
https://www.bukukita.com/Agama/Islam/162626-Hadits-Shahih-Bukhari-Muslim-Hard-Cover.html,Rp 250.000,Rp 212.500,Hadits Shahih Bukhari Muslim - Hard Cover,9786021789803,FATHAN PRIMA MEDIA ,2013,846,2100 gr,Hard Cover,-,Islam,-,Indonesia ··
https://www.bukukita.com/Biografi-dan-Memoar/Biografi/159658-STEVE-JOBS:-Seniman-Teknologi-Revolusioner-Abad-21.html,Rp 47.500,Rp 40.375,STEVE JOBS: Seniman Teknologi Revolusioner Abad 21,9786025907500,Anak Hebat Indonesia ,Oktober - 2018,-,250 gr,Soft Cover,-,Biografi,-,Indonesia ··
https://www.bukukita.com/Inspirasi-dan-Spiritual/Kiat-Sukses/169818-Buku-Trilogy-of-Inspirations-Hermanto-Tanoko-Richer-Mindset.html,Rp 750.000,Rp 499.000,Buku Trilogy of Inspirations Hermanto Tanoko Richer Mindset,-,PT. Tancorp Media Digital ,Juni - 2023,-,1600 gr,hard cover,-,Kiat Sukses,-,Indonesia ··
https://www.bukukita.com/katalogbukuatribut.php?atrId=5&page=1,,,,,,,,,,,,,
https://www.bukukita.com/Agama/Islam/70096-Bercinta-Cara-Nabi-dan-Raja.html,Rp 24.000,Rp 20.400,Bercinta Cara Nabi dan Raja,9789791354042,Pena Saran Media ,2008,178,150 gr,Soft Cover,-,Islam,-,Indonesia ··
https://www.bukukita.com/Sastra-dan-Filsafat/Cerpen/133232-Kisah-Dalam-Satu-Jam.html,Rp 43.000,Rp 36.550,Kisah Dalam Satu Jam,9786028740418,Literati-books ,Maret - 2015,-,250 gr,Soft Cover,-,Cerpen,-,Indonesia ··
https://www.bukukita.com/Buku-Sekolah/Penunjang-Pelajaran/106996-Tes-Potensi-Akademik.html,Rp 33.000,Rp 28.050,Tes Potensi Akademik,9786029682854,Oncor Semesta Publisher ,Agustus - 2010,118,150 gr,Soft Cover,-,Penunjang Pelajaran,-,Indonesia ··
https://www.bukukita.com/Anak-Anak/Islam/138884-Doa-Anak-Saleh-Al-Ikhlas-Jilid-3-BK.html,Rp 25.000,Rp 21.250,Doa Anak Saleh Al-Ikhlas Jilid 3 BK,9786021773048,IKHLAS MEDIA ,November - 2015,-,400 gr,Soft Cover,-,Islam,-,Indonesia ··
https://www.bukukita.com/Anak-Anak/Islam/138880-Doa-Anak-Saleh-Al-Ikhlas-Jilid-2-BK.html,Rp 25.000,Rp 21.250,Doa Anak Saleh Al-Ikhlas Jilid 2 BK,9786021773031,IKHLAS MEDIA ,November - 2015,-,400 gr,Soft Cover,-,Islam,-,Indonesia ··
https://www.bukukita.com/Agama/Islam/157567-Islam-Yang-Saya-Pahami.html,Rp 95.000,Rp 80.750,Islam Yang Saya Pahami (reguler),9786027720831,Lentera Hati ,Juli - 2018,342,350 gr,Soft Cover,13x19mm,Islam,-,Indonesia ··
https://www.bukukita.com/Agama/Islam/162665-Muhammad-Sang-Teladan-Hard-Cover.html,Rp 144.000,Rp 122.400,Muhammad Sang Teladan - Hard Cover,9786026563705,Senja Publishing ,2019,-,1100 gr,Hard Cover,-,Islam,-,Indonesia ··
https://www.bukukita.com/Biografi-dan-Memoar/Biografi/107877-Mari-Bung-Rebut-Kembali-Surya-Paloh-2010-2012.html,Rp 48.500,Rp 41.225,Mari Bung Rebut Kembali - Surya Paloh 2010-2012,9786029618433,Media Indonesia ,Oktober - 2012,-,300 gr,soft cover,-,Biografi,-,Indonesia ··
https://www.bukukita.com/Agama/Islam/162870-AL-MAIDAH-51:-Satu-Firman-Beragam-Penafsiran.html,Rp 80.000,Rp 68.000,AL-MAIDAH 51: Satu Firman Beragam Penafsiran,9786027720879,Lentera Hati ,Juli - 2019,-,250 gr,Soft Cover,-,Islam,-,Indonesia ··
https://www.bukukita.com/Sejarah-dan-Budaya/Kebudayaan/109924-Tarekat-Petani-:-Fenomena-Tarekat-Syattariyah-Lokal.html,Rp 65.000,Rp 55.250,Tarekat Petani : Fenomena Tarekat Syattariyah Lokal,9789791677653,Lkis ,Januari - 2013,250,250 gr,Soft Cover (HVS),-,Kebudayaan,-,Indonesia ··
https://www.bukukita.com/Psikologi-dan-Pengembangan-Diri/Pengembangan-Diri/169716-Future-Skills.html,Rp 79.000,Rp 67.150,Future Skills,9786238036011,Gemilang ,Februari - 2023,296,270 gr,Soft Cover,13x20mm,Pengembangan Diri,-,Indonesia ··
https://www.bukukita.com/Kesehatan-dan-Lingkungan/Pengetahuan-Kesehatan/141450-Sehat-dengan-Rempah-dan-Bumbu-Dapur.html,Rp 75.000,Rp 63.750,Sehat dengan Rempah dan Bumbu Dapur,9786024120115,Kompas ,Maret - 2016,-,250 gr,Soft Cover,-,Pengetahuan Kesehatan,-,Indonesia ··
https://www.bukukita.com/Buku-Novel/Romance/152787-The-Perfect-Charm.html,Rp 88.500,Rp 75.225,The Perfect Charm,9786026673848,Histeria ,Oktober - 2017,436,500 gr,Soft Cover,-,Romance,-,Indonesia ··
https://www.bukukita.com/Anak-Anak/Pelajaran-Sekolah/129515-Insyaallah-Lulus-UN.html,Rp 39.500,Rp 33.575,Insyaallah Lulus UN,9786021258996,Adi Bintang ,Oktober - 2014,104,250 gr,Soft Cover,-,Pelajaran Sekolah,-,Indonesia ··
https://www.bukukita.com/Anak-Anak/Cerita-Anak/168624-YLAI-Interactive-Book-Tugas-Penting-Kartika.html,Rp 72.000,Rp 64.800,YLAI Interactive Book - Tugas Penting Kartika,9786024580711,PELANGI INDONESIA ,Maret - 2022,24,150 gr,soft cover,21x30mm,Cerita Anak,-,Indonesia ··
https://www.bukukita.com/Anak-Anak/Pendidikan-Anak/131754-Storypedia-Nusantara.html,Rp 100.000,Rp 85.000,Storypedia Nusantara (Full Colour) (2013),9786027652293,Buah Hati ,November - 2013,-,500 gr,Soft Cover,-,Pendidikan Anak,-,Indonesia ··
https://www.bukukita.com/Buku-Novel/Romance/166568-Putri-Hujan-Dan-Kesatria-Malam.html,Rp 99.000,Rp 84.150,Putri Hujan Dan Kesatria Malam (Reguler),9786028740784,Lentera Hati ,Agustus - 2020,468,400 gr,Soft Cover,130x190mm,Romance,-,Indonesia ··
https://www.bukukita.com/Anak-Anak/Islam/138883-Doa-Anak-Saleh-Al-Ikhlas-Jilid-5-BK.html,Rp 25.000,Rp 21.250,Doa Anak Saleh Al-Ikhlas Jilid 5 BK,9786021773062,IKHLAS MEDIA ,November - 2015,-,400 gr,Soft Cover,-,Islam,-,Indonesia ··
https://www.bukukita.com/Anak-Anak/Keterampilan/135266-Buku-Mewarnai-Boboi-Boy.html,Rp 16.000,Rp 13.600,Buku Mewarnai Boboi Boy,9786023080250,Kurniaesa ,Mei - 2015,-,50 gr,Soft Cover,-,Keterampilan,-,Indonesia ··
https://www.bukukita.com/Anak-Anak/Pendidikan-Anak/127454-Sticker-Book-Seru-Berpetualangan-Di-Negeri-Dinosaurus.html,Rp 44.000,Rp 35.200,Sticker Book - Seru Berpetualangan Di Negeri Dinosaurus,9786027002913,Batavia Imaji ,Agustus - 2014,-,100 gr,Soft Cover,-,Pendidikan Anak,-,Indonesia ··
"https://www.bukukita.com/Agama/Islam/167124-Islam-&-Kebangsaan:-Tauhid,-Kemanusiaan-dan-Kewarganegaraan.html",Rp 55.000,Rp 46.750,"Islam & Kebangsaan: Tauhid, Kemanusiaan dan Kewarganegaraan(Reguler)",978623771339,Lentera Hati ,November - 2020,176,350 gr,Soft Cover,-,Islam,-,Indonesia ··
https://www.bukukita.com/Aksesoris-Kado-&-Parcel/Kertas-Kado/157442-Bungkus-Kertas-Kado-Motif-Walt-Disney-World.html,,Rp 3.000,Bungkus Kertas Kado Motif Walt Disney World,-,Bukukita.com ,2018,-,25 gr,-,-,Kertas Kado,-,Indonesia ··
https://www.bukukita.com/Buku-Novel/Romance/163112-11.11-I-Wish-For-You-By-The-Way.html,Rp 80.000,Rp 68.000,11.11 I Wish For You By The Way,9786239053406,Reynara ,Agustus - 2019,-,300 gr,Soft Cover,-,Romance,-,Indonesia ··
https://www.bukukita.com/Anak-Anak/Islam/138881-Doa-Anak-Saleh-Al-Ikhlas-Jilid-4-BK.html,Rp 25.000,Rp 21.250,Doa Anak Saleh Al-Ikhlas Jilid 4 BK,9786021773055,IKHLAS MEDIA ,November - 2015,-,400 gr,Soft Cover,-,Islam,-,Indonesia ··
https://www.bukukita.com/Masakan-dan-Makanan/Resep-Masakan/157703-Menu-Terfavorit-dan-Hit-dari-instagram-Cooking-With-Sheila-Full-Colour.html,Rp 225.000,Rp 191.250,Menu Terfavorit dan Hit dari instagram Cooking With Sheila - Full Colour,9789792965575,Andi Publisher ,Juli - 2018,376,900 gr,Soft Cover,-,Resep Masakan,-,Indonesia ··
https://www.bukukita.com/Agama/Islam/135015-JAHILIYAH-KONTEMPORER-DAN-HEGEMONI-NALAR-KEKERASAN-:-Merajut-Islam-Indonesia-Membangun-Peradaban-Dunia.html,Rp 60.000,Rp 51.000,JAHILIYAH KONTEMPORER DAN HEGEMONI NALAR KEKERASAN : Merajut Islam Indonesia Membangun Peradaban Dunia,9786021491379,Lkis ,2014,198,250 gr,Soft Cover,-,Islam,-,Indonesia ··
https://www.bukukita.com/Aksesoris-Kado-&-Parcel/Kertas-Kado/157445-Bungkus-Kertas-Kado-Motif-Angry-Birds-2.html,,Rp 3.000,Bungkus Kertas Kado Motif Angry Birds 2,-,Bukukita.com ,2018,1,25 gr,-,-,Kertas Kado,-,Indonesia ··
https://www.bukukita.com/Hobi-dan-Usaha/Keterampilan-&-Desain/108968-Berbagai-Hasil-Pekerjaan-dan-Keterampilan.html,Rp 33.000,Rp 28.050,Berbagai Hasil Pekerjaan dan Keterampilan,978,Titian Ilmu ,2008,68,100 gr,Soft Cover,-,Keterampilan & Desain,-,Indonesia ··
https://www.bukukita.com/Agama/Islam/114075-Hidangan-Ramadhan.html,Rp 55.000,Rp 46.750,Hidangan Ramadhan ,9789793862651,Al Mawardi ,2013,-,500 gr,Hard Cover,-,Islam,-,Indonesia ··
https://www.bukukita.com/Agama/Islam/167379-Mukjizat-Sabar-Syukur-Ikhlas:-Rahasia-Hidup-Bahagia-Dunia-Ak.html,Rp 34.500,Rp 29.325,Mukjizat Sabar Syukur Ikhlas: Rahasia Hidup Bahagia Dunia Ak,9786232442641,Mueeza ,Oktober - 2020,172,200 gr,Soft Cover,-,Islam,-,Indonesia ··
https://www.bukukita.com/Buku-Novel/Fiksi/109849-Brandsetters-An-Inner-Circle-Novel.html,Rp 50.000,Rp 42.500,Brandsetters An Inner Circle Novel,9786028663915,Buah Hati ,Januari - 2013,256,300 gr,Soft Cover (Book Paper),-,Fiksi,-,English ··
"https://www.bukukita.com/Referensi/Referensi-Umum/155870-Literasi-Media:-Apa,-Mengapa,-Bagaimana-Edisi-Revisi.html",Rp 60.000,Rp 51.000,"Literasi Media: Apa, Mengapa, Bagaimana Edisi Revisi",9789793782546,Simbiosa Rekatama Media ,Maret - 2018,189,300 gr,Soft Cover,-,Referensi Umum,-,Indonesia ··
https://www.bukukita.com/Agama/Islam/168738-Perempuan.html,Rp 110.000,Rp 93.500,Perempuan (Cover Baru),9786027720770,Lentera Hati ,April - 2022,407,400 gr,Soft Cover,-,Islam,-,Indonesia ··
https://www.bukukita.com/Agama/Al-Quran/98046-AR-RAHMAN-AL-QURAN-Cover-Hijau.html,Rp 70.000,Rp 59.500,AR RAHMAN AL-QURAN Cover Hijau (2011),-,Fokus Media ,November - 2011,-,900 gr,Hard Cover,-,Al-Quran,-,Indonesia ··
https://www.bukukita.com/Agama/Al-Quran/98045-AR-RAHMAN-AL-QURAN.html,Rp 70.000,Rp 59.500,AR RAHMAN AL-QUR'AN (Pink),-,Fokus Media ,November - 2011,-,750 gr,Hard Cover,-,Al-Quran,-,Indonesia ··
https://www.bukukita.com/Hukum-dan-Undang-undang/Undang-undang/86142-Penempatan-dan-Perlindungan-Tenaga-Kerja-Indonesia.html,Rp 30.000,Rp 25.500,Penempatan dan Perlindungan Tenaga Kerja Indonesia (Edisi 2010) (2010),978,Fokus Media ,2010,252,200 gr,Soft Cover,11x21mm,Undang-undang,-,Indonesia ··
"https://www.bukukita.com/Inspirasi-dan-Spiritual/Inspirasional/108354-ZeroPreneurs-:-Kisah,-Strategi,-Keringat-&-Air-Mata-Darah,-Bahkan-Tanpa-Mata-&-Telinga,-serta-Sedekah.html",Rp 49.900,Rp 42.415,"ZeroPreneurs : Kisah, Strategi, Keringat & Air Mata Darah, Bahkan Tanpa Mata & Telinga, serta Sedekah",9786021972922,W & G Wealth & Grow ,Desember - 2012,208,200 gr,Soft Cover (Book Paper),-,Inspirasional,-,Indonesia ··
https://www.bukukita.com/Buku-Novel/Remaja/162587-Selestia-dan-Penjara-Teka-teki.html,Rp 59.000,Rp 50.150,Selestia dan Penjara Teka-teki,9786027652828,Buah Hati ,November - 2016,254,300 gr,Soft Cover,-,Remaja,-,Indonesia ··
https://www.bukukita.com/Agama/Islam/152982-Fikih-Wanita-Sepanjang-Masa.html,Rp 75.000,Rp 63.750,Fikih Wanita Sepanjang Masa,9786026122865,MUTIARA ALAMAH ,Oktober - 2017,-,450 gr,Soft Cover,-,Islam,Link QR CODE VIDEO TUTORIA HIJAB,Indonesia ··
https://www.bukukita.com/Agama/Islam/113565-Mutiara-Zikir-&-Doa.html,Rp 54.000,Rp 45.900,Mutiara Zikir & Doa,9789791096942,Pustaka Hidayah ,2013,-,500 gr,Soft Cover,-,Islam,-,Indonesia ··
https://www.bukukita.com/Ekonomi-dan-Manajemen/Ekonomi/116727-Sekilas-Mengenal-Ekspor-dan-Impor-BK.html,,Rp 15.000,Sekilas Mengenal Ekspor dan Impor BK,9786027607675,IKHLAS MEDIA ,Juli - 2013,135,275 gr,Soft Cover,-,Ekonomi,-,Indonesia ··
https://www.bukukita.com/Buku-Novel/Remaja/129516-SMTown-Salah-Gaul-3.html,Rp 49.500,Rp 42.075,SMTown Salah Gaul 3,9786021139523,Matahari ,Oktober - 2014,258,250 gr,Soft Cover,-,Remaja,-,Indonesia ··
https://www.bukukita.com/Orang-Tua-dan-Keluarga/Orang-Tua-dan-Anak/162662-Storypedid-Kasih-Ibu-Sepanjang-Masa.html,Rp 87.000,Rp 73.950,Storypedid Kasih Ibu Sepanjang Masa,9786028663946,Buah Hati ,2013,-,450 gr,Soft Cover,-,Orang Tua dan Anak,-,Indonesia ··
https://www.bukukita.com/Anak-Anak/Keterampilan/127452-Belajar-Sambil-Bermain.html,Rp 44.000,Rp 35.200,Belajar Sambil Bermain,9786027002920,Batavia Imaji ,Agustus - 2014,-,100 gr,Soft Cover,-,Keterampilan,-,Indonesia ··
https://www.bukukita.com/Buku-Novel/Remaja/163832-Just-You-and-Me.html,Rp 85.000,Rp 72.250,Just You and Me,9786239020927,Storial Publishing ,November - 2019,-,250 gr,Soft Cover,-,Remaja,-,Indonesia ··
https://www.bukukita.com/Biografi-dan-Memoar/Memoar/139011-Sweetness-of-Cindy-Gulla.html,Rp 60.000,Rp 42.000,Sweetness of Cindy Gulla ( Edisi Tanda Tangan ),9786022201731,Bukune ,Desember - 2015,152,120 gr,Soft Cover,-,Memoar,-,Indonesia ··
https://www.bukukita.com/Biografi-dan-Memoar/Memoar/129620-Catatan-Rahasia-Dokter-Pribadi-Hitler.html,Rp 80.000,Rp 68.000,Catatan Rahasia Dokter Pribadi Hitler,9786027542303,Oncor Semesta Publisher ,Februari - 2014,416,500 gr,Soft Cover,-,Memoar,-,Indonesia ··
https://www.bukukita.com/Non-Fiksi-Lainnya/Non-Fiksi-Umum/135018-The-Wisdom-of-Alexander-The-Great.html,Rp 46.000,Rp 39.100,The Wisdom of Alexander The Great,9786029682809,Oncor Semesta Publisher ,2012,-,150 gr,Soft Cover,-,Non-Fiksi Umum,-,Indonesia ··
https://www.bukukita.com/Buku-Novel/Romance/141582-PINKLUV.html,Rp 69.900,Rp 48.930,PINKLUV (Non TTD) (Disc 30%),9786026922076,Loveable ,Maret - 2016,-,145 gr,Soft Cover,-,Romance,-,Indonesia ··
https://www.bukukita.com/Agama/Islam/162663-Kumpulan-Khotbah-Jumat-Terbaik-Sepanjang-Tahun-Hijriah-Hard-Cover.html,Rp 199.000,Rp 169.150,Kumpulan Khotbah Jumat Terbaik Sepanjang Tahun Hijriah - Hard Cover,9786026563729,Senja Publishing ,2018,-,1200 gr,Hard Cover,-,Islam,-,Indonesia ··
https://www.bukukita.com/Agama/Al-Quran/144409-AL-AKHYAR-A6.html,Rp 48.000,Rp 38.400,AL-AKHYAR A6 (COVER PINK),-,Mulia Qur'an ,Juni - 2016,-,500 gr,-,76x110mm,Al-Quran,-,Indonesia ··
https://www.bukukita.com/Anak-Anak/Keterampilan/135873-Belajar-Mewarnai-Boboi-Boy-Edisi-ke-2.html,Rp 16.000,Rp 13.600,Belajar Mewarnai Boboi Boy Edisi ke-2,9786023080267,Kurniaesa ,Juni - 2015,-,50 gr,Soft Cover,-,Keterampilan,-,Indonesia ··
https://www.bukukita.com/Buku-Novel/Romance/150234-Di-Penghujung-Pelukan.html,Rp 70.000,Rp 35.000,Di Penghujung Pelukan (Disc 50%),9789797945367,TransMedia Pustaka ,Mei - 2017,280,250 gr,Soft Cover,13x19mm,Romance,-,Indonesia ··
https://www.bukukita.com/Agama/Al-Quran/98042-Al-Quran-AN-NUR.html,Rp 49.000,Rp 41.650,Al-Qur'an AN NUR,-,Fokus Media ,November - 2011,-,400 gr,-,-,Al-Quran,-,Indonesia ··
https://www.bukukita.com/Agama/Islam/140783-Risalah-Shalat-dan-Majmu-Syarir-Superlengkap.html,Rp 70.000,Rp 59.500,Risalah Shalat dan Majmu Syarir Superlengkap,9786022160229,Puspa Swara ,Februari - 2016,472,400 gr,Soft Cover,-,Islam,-,Indonesia ··
https://www.bukukita.com/Hobi-dan-Usaha/Tanaman-&-Taman/150040-Sukses-Budidaya-Jahe.html,Rp 49.500,Rp 42.075,Sukses Budidaya Jahe (Untung Bersih Hingga 95 Juta),9786026380883,Anak Hebat Indonesia ,April - 2017,-,250 gr,Soft Cover,-,Tanaman & Taman,-,Indonesia ··
https://www.bukukita.com/Biografi-dan-Memoar/Biografi/121522-Kisah-Seru-Bintang-Sepak-Bola-Muslim.html,Rp 64.500,Rp 54.825,Kisah Seru Bintang Sepak Bola Muslim,9786021258514,Adi Bintang ,Januari - 2014,-,420 gr,Soft Cover,-,Biografi,-,Indonesia ··
https://www.bukukita.com/Agama/Islam/146848-Hadis-Tarbawi.html,Rp 38.500,Rp 30.800,Hadis Tarbawi,9789796926107,Remaja Rosdakarya ,2015,152,300 gr,Soft Cover,-,Islam,-,Indonesia ··
https://www.bukukita.com/Buku-Novel/Islam/166448-Cinta-untuk-Perempuan-yang-Tidak-Sempurna.html,Rp 99.000,Rp 84.150,Cinta untuk Perempuan yang Tidak Sempurna (Reguler),9786028740760,Literati-books ,Juli - 2020,160,350 gr,Soft Cover,140x210mm,Islam,-,Indonesia ··
https://www.bukukita.com/Non-Fiksi-Lainnya/Non-Fiksi-Umum/127273-Model-Letters-For-Young-Girls.html,Rp 13.400,Rp 11.390,Model Letters For Young Girls,9794045748,Angkasa ,Agustus - 2014,47,40 gr,Soft Cover,-,Non-Fiksi Umum,-,Indonesia ··
"https://www.bukukita.com/Masakan-dan-Makanan/Resep-Masakan/113818-Aneka-Macaroon-Paling-Populer,-Favorit,-Istimewa.html",Rp 29.000,Rp 24.650,"Aneka Macaroon Paling Populer, Favorit, Istimewa ",9786027560871,Dunia Kreasi ,Mei - 2013,-,150 gr,Soft Cover,-,Resep Masakan,-,Indonesia ··
https://www.bukukita.com/Aksesoris-Kado-&-Parcel/Kertas-Kado/157443-Bungkus-Kertas-Kado-Motif-Baby.html,,Rp 3.000,Bungkus Kertas Kado Motif Baby,-,Bukukita.com ,2018,1,25 gr,-,-,Kertas Kado,-,Indonesia ··
https://www.bukukita.com/Agama/Islam/108894-Pengantar-Studi-Al-Quran-:-Teori-dan-Pendekatan.html,Rp 60.000,Rp 51.000,Pengantar Studi Al-Quran : Teori dan Pendekatan,9789792553802,Lkis ,November - 2012,224,500 gr,Soft Cover (HVS),-,Islam,-,Indonesia ··
https://www.bukukita.com/Psikologi-dan-Pengembangan-Diri/Pengembangan-Diri/168089-Terapi-Depresi.html,Rp 72.000,Rp 61.200,Terapi Depresi,9786237324461,Psikologi Corner ,Oktober - 2019,328,320 gr,soft cover,-,Pengembangan Diri,-,Indonesia ··
https://www.bukukita.com/Psikologi-dan-Pengembangan-Diri/Psikologi/161364-The-Happy-Therapy-Book.html,Rp 70.000,Rp 59.500,The Happy Therapy Book [Resep Sederhana Hidup Bahagia - Edisi TTD Penulis],9786028740654,Lentera Hati ,Maret - 2019,134,200 gr,Soft Cover,14x21mm,Psikologi,-,Indonesia ··
https://www.bukukita.com/Bahasa-dan-Kamus/Belajar-Bahasa/149477-Buku-Sakti-Belajar-Bahasa-Korea.html,Rp 38.500,Rp 32.725,Buku Sakti Belajar Bahasa Korea,9786026380302,Anak Hebat Indonesia ,Maret - 2017,196,200 gr,Soft Cover,140x200mm,Belajar Bahasa,-,
https://www.bukukita.com/Anak-Anak/Cerita-Anak/155899-Seri-Buku-Toleransi:-Prasangka-Moka.html,Rp 55.000,Rp 46.750,Seri Buku Toleransi: Prasangka Moka,9786027652958,Buah Hati ,April - 2018,32,150 gr,Soft Cover,-,Cerita Anak,-,Indonesia ··
https://www.bukukita.com/Anak-Anak/Pendidikan-Anak/168742-Merayakan-Asesmen-Merdeka-Belajar.html,Rp 110.000,Rp 93.500,Merayakan Asesmen Merdeka Belajar,9786028740968,Literati-books ,April - 2022,300,350 gr,Soft Cover,-,Pendidikan Anak,-,Indonesia ··
https://www.bukukita.com/Anak-Anak/Cerita-Anak/167692-Kareem-dan-Khaleel-Mencari-Allah.html,Rp 150.000,Rp 127.500,Kareem dan Khaleel Mencari Allah,9786236944011,Buah Hati ,April - 2021,34,150 gr,Hard Cover,260x250mm,Cerita Anak,-,Indonesia ··
https://www.bukukita.com/Inspirasi-dan-Spiritual/Inspirasional/81962-Kunci-Pribadi-Mantap.html,Rp 40.000,Rp 34.000,Kunci Pribadi Mantap,9786028597326,Leutika ,Juli - 2010,252,300 gr,Soft Cover,-,Inspirasional,-,Indonesia ··
https://www.bukukita.com/Inspirasi-dan-Spiritual/Pendidikan-&-Pengajar/112621-Sekolah-dalam-Himpitan-Google-dan-Bimble.html,Rp 65.000,Rp 55.250,Sekolah dalam Himpitan Google dan Bimble,9789791677684,Lkis ,2013,352,350 gr,Soft Cover (HVS),-,Pendidikan & Pengajar,-,Indonesia ··
https://www.bukukita.com/Non-Fiksi-Lainnya/Kisah-Nyata/148399-Rajutan-Oma-Ira.html,Rp 45.000,Rp 36.000,Rajutan Oma Ira [True Story],9789792959932,Anthony ,Desember - 2016,120,125 gr,Soft Cover,-,Kisah Nyata,-,Indonesia ··
https://www.bukukita.com/Komputer-dan-Internet/Internet/78352-Awas!-Hati-Hati-dengan-Emailmu-:-Etika-Beremail-dan-Panduan-Mengelola-yang-Efektif.html,Rp 28.000,Rp 23.800,Awas! Hati-Hati dengan Emailmu : Etika Beremail dan Panduan Mengelola yang Efektif,978,Kataelha ,Maret - 2010,-,300 gr,Soft Cover,-,Internet,-,Indonesia ··
https://www.bukukita.com/Agama/Islam/105040-Dahsyatnya-Salat-Sunah-BK.html,Rp 38.000,Rp 32.300,Dahsyatnya Salat Sunah BK,9786021804742,IKHLAS MEDIA ,Juli - 2012,-,200 gr,Soft Cover,-,Islam,-,Indonesia ··
https://www.bukukita.com/Agama/Islam/167690-Hidup-Bersama-Al-Quran-1.html,Rp 130.000,Rp 110.500,Hidup Bersama Al-Quran 1,9786237713647,Lentera Hati ,April - 2021,332,350 gr,Soft Cover,140x210mm,Islam,-,Indonesia ··
https://www.bukukita.com/Agama/Islam/167304-Dia-Di-Mana-Mana-:-Tangan-Tuhan-Di-Balik-Setiap-Fenomena.html,Rp 125.000,Rp 106.250,Dia Di Mana-Mana : Tangan Tuhan Di Balik Setiap Fenomena (Cover Baru),9786237713029,Lentera Hati ,Februari - 2021,472,450 gr,Soft Cover,140x210mm,Islam,-,Indonesia ··
https://www.bukukita.com/Psikologi-dan-Pengembangan-Diri/Psikologi/169804-The-Secret-Life-of-Money.html,Rp 95.000,Rp 80.750,The Secret Life of Money ( alvabet ) ,9786238036066,Gemilang ,Juni - 2023,-,340 gr,Soft Cover,15x23mm,Psikologi,-,Indonesia ··
https://www.bukukita.com/Sejarah-dan-Budaya/Sejarah-Dunia/169801-Origins-:-Bagaimana-Sejarah-Bumi-Membentuk-Sejarah-Umat-Manusia.html,Rp 115.000,Rp 97.750,Origins : Bagaimana Sejarah Bumi Membentuk Sejarah Umat Manusia,9786232201491,Alvabet ,Juni - 2023,365,420 gr,Soft Cover,15x23mm,Sejarah Dunia,-,Indonesia ··
https://www.bukukita.com/Psikologi-dan-Pengembangan-Diri/Pengembangan-Diri/169848-Life-Crisis-How-To-Deal-With-Meaningles:-Your-Ultimate.html,Rp 125.000,Rp 106.250,Life Crisis How To Deal With Meaningles: Your Ultimate ( Edisi Revisi dan diperbarui ) ,97862354951323,Literati-books ,Juli - 2023,250,230 gr,Soft Cover,13x19mm,Pengembangan Diri,-,Indonesia ··
https://www.bukukita.com/Sejarah-dan-Budaya/Sejarah-Dunia/169862-Kota-Iram-yang-Megah.html,Rp 130.000,Rp 110.500,Kota Iram yang Megah,9786232201569,Alvabet ,Agustus - 2023,-,480 gr,Soft Cover,15x23mm,Sejarah Dunia,-,Indonesia ··
https://www.bukukita.com/Psikologi-dan-Pengembangan-Diri/Pengembangan-Diri/169860-Bertanya-:-Seni-Menjalin-Hubungan-Yang-Akrab-Dengan-Siapa-Pun.html,Rp 85.000,Rp 72.250,Bertanya : Seni Menjalin Hubungan Yang Akrab Dengan Siapa Pun,9786238036073,Gemilang ,Agustus - 2023,287,275 gr,Soft Cover,13x20mm,Pengembangan Diri,-,Indonesia ··
https://www.bukukita.com/Psikologi-dan-Pengembangan-Diri/Psikologi/169861-Lepas-dari-kecemasan.html,Rp 69.000,Rp 58.650,Lepas dari kecemasan,9786238036080,Gemilang ,Agustus - 2023,-,210 gr,Soft Cover,13x20mm,Psikologi,-,Indonesia ··
https://www.bukukita.com/Agama/Islam/161961-Kaidah-Tafsir.html,Rp 125.000,Rp 106.250,Kaidah Tafsir,9786027720077,Lentera Hati ,Mei - 2019,-,500 gr,Soft Cover,-,Islam,-,Indonesia ··
https://www.bukukita.com/Biografi-dan-Memoar/Biografi/169920-Rihlah-Ibnu-Khaldun.html,Rp 110.000,Rp 93.500,Rihlah Ibnu Khaldun,9786232201583,Alvabet ,September - 2023,333,390 gr,Soft Cover,15x23mm,Biografi,-,Indonesia ··
https://www.bukukita.com/Biografi-dan-Memoar/Biografi/169921-Abu-Dzar-al-Ghifari.html,Rp 66.000,Rp 56.100,Abu Dzar al-Ghifari,9786232201606,Alvabet ,September - 2023,224,210 gr,Soft Cover,13x20mm,Biografi,-,Indonesia ··
https://www.bukukita.com/Non-Fiksi-Lainnya/Non-Fiksi-Umum/82902-Merupa-Buku.html,Rp 59.000,Rp 50.150,Merupa Buku,9789791283717,Lkis ,2008,-,300 gr,-,-,Non-Fiksi Umum,-,Indonesia ··
"https://www.bukukita.com/Psikologi-dan-Pengembangan-Diri/Pengembangan-Diri/159621-Strategi-Kepemimpinan,-Bisnis,-Pemasaran-dan-Kehidupan-Sehari-hari-Ala-Sun-Tzu.html",Rp 47.500,Rp 40.375,"Strategi Kepemimpinan, Bisnis, Pemasaran dan Kehidupan Sehari-hari Ala Sun Tzu",9786025638930,Anak Hebat Indonesia ,Oktober - 2018,-,300 gr,Soft Cover,-,Pengembangan Diri,-,Indonesia ··
https://www.bukukita.com/Non-Fiksi-Lainnya/Kisah-Nyata/121931-Ibu-Sayang-Kamu.html,Rp 57.000,Rp 48.450,Ibu Sayang Kamu,9786021258576,Adi Bintang ,Januari - 2014,-,250 gr,Soft Cover,-,Kisah Nyata,-,Indonesia ··
https://www.bukukita.com/Agama/Islam/79790-Dahsyatnya-Doa-Orang-Teraniaya.html,Rp 55.000,Rp 46.750,Dahsyatnya Doa Orang Teraniaya (2010),978,Al Mawardi ,Mei - 2010,-,300 gr,Hard Cover,-,Islam,-,Indonesia ··
https://www.bukukita.com/Humor/Umum/153467-MY-STUPID-BOSS-A-GRAPHIC-NOVEL.html,Rp 60.000,Rp 42.000,MY STUPID BOSS A GRAPHIC NOVEL (Bonus: Kabel Data Micro USB Smile LED) (Promo Best Book) (Disc 50%),9786022081609,Gradien Mediatama ,November - 2017,204,250 gr,Soft Cover,14x20mm,Umum,-,Indonesia ··
https://www.bukukita.com/Agama/Al-Quran/98043-AN-NUR-AL-QURAN.html,Rp 49.000,Rp 41.650,AN NUR AL-QURAN,-,Fokus Media ,November - 2011,-,350 gr,-,-,Al-Quran,-,Indonesia ··
https://www.bukukita.com/Biografi-dan-Memoar/Biografi/135016-Michael-Jackson-;-Life-of-The-Legend.html,Rp 33.000,Rp 28.050,Michael Jackson ; Life of The Legend,9786027542327,Oncor Semesta Publisher ,2012,142,150 gr,Soft Cover,-,Biografi,-,Indonesia ··
https://www.bukukita.com/Aksesoris-Kado-&-Parcel/Kertas-Kado/157447-Bungkus-Kertas-Kado-Motif-Batik-Coklat-Muda.html,,Rp 3.000,Bungkus Kertas Kado Motif Batik Coklat Muda,-,Bukukita.com ,2018,1,25 gr,-,-,Kertas Kado,-,Indonesia ··
https://www.bukukita.com/Agama/Islam/122391-Mushaf-Al-ikhkas-BK.html,Rp 75.000,Rp 63.750,Mushaf Al-ikhkas BK,-,IKHLAS MEDIA ,Februari - 2014,-,900 gr,Hard Cover,-,Islam,-,Indonesia ··
https://www.bukukita.com/Humor/Umum/138318-FAK!-Frequently-Asked-Kuestions.html,Rp 60.000,Rp 42.000,FAK! - Frequently Asked Kuestions (Disc 50%),9786022201687,Bukune ,Oktober - 2015,144,125 gr,Soft Cover,-,Umum,Bonus Paper Doll,Indonesia ··
https://www.bukukita.com/Ekonomi-dan-Manajemen/Bisnis-Investasi/160016-Success-Guaranteed:-Garansi-Sukses-Di-Bisnis-MLM.html,Rp 75.000,Rp 63.750,Success Guaranteed: Garansi Sukses Di Bisnis MLM,9786020956763,MIC ,November - 2018,-,260 gr,Soft Cover,-,Bisnis-Investasi,-,Indonesia ··
https://www.bukukita.com/Agama/Islam/167332-Ishmatul-Anbiya:-Misi-Tanpa-Salah-Para-Pembawa-Risalah.html,Rp 53.000,Rp 45.050,Ishmatul Anbiya: Misi Tanpa Salah Para Pembawa Risalah,9786237163404,Alifia Books ,Februari - 2021,225,200 gr,Soft Cover,-,Islam,-,Indonesia ··
https://www.bukukita.com/Inspirasi-dan-Spiritual/Kepemimpinan/80106-Success-101-:-Hal-Hal-yang-Harus-Diketahui-Oleh-Para-Pemimpin.html,Rp 95.000,Rp 80.750,Success 101 : Hal-Hal yang Harus Diketahui Oleh Para Pemimpin,9786028482912,MIC ,Mei - 2010,-,250 gr,Hard Cover,-,Kepemimpinan,-,Indonesia ··
https://www.bukukita.com/Agama/Islam/155871-Kompilasi-Hadis-Dakwah.html,Rp 65.000,Rp 55.250,Kompilasi Hadis Dakwah,9786027973633,Simbiosa Rekatama Media ,Maret - 2018,-,250 gr,Soft Cover,-,Islam,-,Indonesia ··
https://www.bukukita.com/Non-Fiksi-Lainnya/Non-Fiksi-Umum/77371-Making-The-Coat;-Memoar-Seorang-Dokter-Bedah.html,Rp 77.000,Rp 65.450,Making The Coat; Memoar Seorang Dokter Bedah,978,Lentera Hati ,Februari - 2010,-,500 gr,Soft Cover,-,Non-Fiksi Umum,-,Indonesia ··
https://www.bukukita.com/Agama/Islam/167462-Tafakur-Umat-Qurani.html,Rp 60.000,Rp 51.000,Tafakur Umat Qurani,9786237713616,Lentera Hati ,April - 2021,-,300 gr,Soft Cover,-,Islam,-,Indonesia ··
https://www.bukukita.com/Psikologi-dan-Pengembangan-Diri/Pengembangan-Diri/168940-Live-the-Moment.html,Rp 115.000,Rp 97.750,Live the Moment ,9786237162940,Gemilang ,Juli - 2022,480,500 gr,Soft Cover,-,Pengembangan Diri,-,Indonesia ··
https://www.bukukita.com/Ekonomi-dan-Manajemen/Bisnis-Investasi/169389-Strategi-Bisnis-Berbasis-Cinta:-Menjadikan-Cinta-Dan-Kasih.html,Rp 99.000,Rp 84.150,Strategi Bisnis Berbasis Cinta: Menjadikan Cinta Dan Kasih,9786237162971,Gemilang ,September - 2022,401,350 gr,Soft Cover,13x20mm,Bisnis-Investasi,-,Indonesia ··
https://www.bukukita.com/Perhotelan-dan-Pariwisata/Pariwisata/126710-MPASI-Travelling-Cihuy!.html,Rp 45.000,Rp 38.250,MPASI Travelling Cihuy! (Edisi Baru),9786021755990,Asha Book ,Juni - 2014,-,100 gr,Soft Cover,-,Pariwisata,-,Indonesia ··
https://www.bukukita.com/Sastra-dan-Filsafat/Jurnal-Sastra/122585-MetodePenelitian.html,Rp 60.000,Rp 51.000,MetodePenelitian ( wedatama ) ,9789791853286,Wedatama Widya Sastra ,Februari - 2014,-,360 gr,Soft Cover,-,Jurnal Sastra,-,Indonesia ··
https://www.bukukita.com/Agama/Islam/169774-Hikmah-dan-Petuah-tentang-Kesalehan.html,Rp 89.000,Rp 75.650,Hikmah dan Petuah tentang Kesalehan,9786237163763,Alifia Books ,April - 2023,370,345 gr,Soft Cover,13x20mm,Islam,-,Indonesia ··
https://www.bukukita.com/Sejarah-dan-Budaya/Sejarah-Dunia/169767-Misteri-Piramida-Dan-Sphinx.html,Rp 130.000,Rp 110.500,Misteri Piramida Dan Sphinx,9786232201453,Alvabet ,April - 2023,451,520 gr,Soft Cover,15x23mm,Sejarah Dunia,-,Indonesia ··
https://www.bukukita.com/Sejarah-dan-Budaya/Sejarah-Dunia/169771-Ratu-Bilqis:-Riwayat-Sang-Ratu-Agung-Kerajaan-Saba-Dalam-Al-Quran.html,Rp 65.000,Rp 55.250,Ratu Bilqis: Riwayat Sang Ratu Agung Kerajaan Saba' Dalam Al-Quran,9786232201477,Alvabet ,April - 2023,215,210 gr,Soft Cover,13x20mm,Sejarah Dunia,-,Indonesia ··
https://www.bukukita.com/Buku-Novel/Remaja/82016-Trilogi-Bono-&-Bawon-:-Selamat-Tinggal-Ca....html,Rp 35.000,Rp 29.750,Trilogi Bono & Bawon : Selamat Tinggal Ca...,9786028597265,Leutika ,Juli - 2010,-,250 gr,Soft Cover,-,Remaja,-,Indonesia ··
https://www.bukukita.com/Aksesoris-Kado-&-Parcel/Kertas-Kado/157444-Bungkus-Kertas-Kado-Motif-Angry-Birds-1.html,,Rp 3.000,Bungkus Kertas Kado Motif Angry Birds 1,-,Bukukita.com ,2018,-,25 gr,-,-,Kertas Kado,-,Indonesia ··
https://www.bukukita.com/Hobi-dan-Usaha/Olah-Raga/124902-Buku-Panduan-Piala-Dunia-Brazil-2014.html,Rp 69.500,Rp 59.075,Buku Panduan Piala Dunia Brazil 2014,9786021258828,Change ,Mei - 2014,-,400 gr,Soft Cover,-,Olah Raga,-,Indonesia ··
https://www.bukukita.com/Agama/Al-Quran/144423-Al-Akram-A5.html,Rp 58.500,Rp 46.800,Al-Akram A5 (Cover Hitam),-,Mulia Qur'an ,Juni - 2016,-,800 gr,Hard Cover,-,Al-Quran,-,Indonesia ··
https://www.bukukita.com/Aksesoris-Kado-&-Parcel/Kertas-Kado/157446-Bungkus-Kertas-Kado-Motif-Snow-White-&-Cinderella.html,,Rp 3.000,Bungkus Kertas Kado Motif Snow White & Cinderella,-,Bukukita.com ,2018,1,25 gr,-,-,Kertas Kado,-,Indonesia ··
https://www.bukukita.com/Biografi-dan-Memoar/Memoar/117987-NOAH-6.903-Mil-Versi-REGULER.html,Rp 180.000,Rp 162.000,NOAH 6.903 Mil Versi REGULER,9789799106025,Kpg ,September - 2013,242,1500 gr,Soft Cover,-,Memoar,-,Indonesia ··
https://www.bukukita.com/Inspirasi-dan-Spiritual/Inspirasional/169390-Connect-The-Dots.html,Rp 180.000,Rp 150.000,Connect The Dots ,-,Yahya&Yahya ,September - 2022,204,300 gr,Soft Cover,-,Inspirasional,-,Indonesia ··
https://www.bukukita.com/Orang-Tua-dan-Keluarga/Orang-Tua-dan-Anak/158233-Catatan-Ayahasi-Ditambah-tambahin.html,Rp 75.000,Rp 63.750,Catatan Ayahasi Ditambah-tambahin (reguler),9786027652972,Buah Hati ,Agustus - 2018,192,200 gr,Soft Cover,13x19mm,Orang Tua dan Anak,-,Indonesia ··
https://www.bukukita.com/Non-Fiksi-Lainnya/Kisah-Nyata/157702-Cahaya-Di-Penjuru-HATI-Based-On-True-Story.html,Rp 132.500,Rp 112.625,Cahaya Di Penjuru HATI - Based On True Story,9789792966022,Andi Publisher ,Juli - 2018,-,600 gr,Soft Cover,-,Kisah Nyata,-,Indonesia ··
https://www.bukukita.com/Remaja/Pengembangan-Diri/167977-Breaking-The-Wall.html,,Rp 350.000,Breaking The Wall,9786239015459,PT Rumah Tulis ,Agustus - 2021,304,400 gr,Hard Cover,-,Pengembangan Diri,-,Indonesia ··
https://www.bukukita.com/Buku-Teks/Matematika/88500-Buku-Saku-Kumpulan-Rumus-Matematika-SMA-IPA.html,Rp 11.000,Rp 9.350,Buku Saku Kumpulan Rumus Matematika SMA IPA (Sesuai Daftar Isi KTSP 2006),-,Pustaka Ceria ,2008,-,100 gr,Soft Cover,-,Matematika,-,Indonesia ··
https://www.bukukita.com/Hobi-dan-Usaha/Menulis/148186-Panduan-Menulis-Siswa-Tingkat-Dasar.html,Rp 50.000,Rp 40.000,Panduan Menulis Siswa Tingkat Dasar,-,Eureka Academia ,2015,114,250 gr,Soft Cover,-,Menulis,-,Indonesia ··
https://www.bukukita.com/katalogbukuatribut.php?atrId=4&page=1,,,,,,,,,,,,,
https://www.bukukita.com/Komik/Komedi/140421-Komik-Dari-Twit-nya-Raditya-Dika.html,Rp 59.500,Rp 29.750,Komik Dari Twit-nya Raditya Dika (Disc 50%),9789797808549,GagasMedia ,Februari - 2016,140,250 gr,Soft Cover,13x19mm,Komedi,Edisi Tanda Tangan,Indonesia ··
https://www.bukukita.com/Produk-lainnya/Membership/167330-Keanggotaan-Investasi-Dropship-Bukukita.html,Rp 750.000,Rp 299.000,,,,Februari - 2021,-,1 gr,-,-,Membership,-,Indonesia ··
